L22_V020,8063,Bảo Lộc
L22_V016,33548,Bảo Lộc
L30_V053,535,Bảo Lộc
L21_V021,16415,Bảo Lộc
L22_V008,23422,Bảo Lộc
L22_V020,8071,Bảo Lộc
L22_V020,8055,Bảo Lộc
L22_V016,33556,Bảo Lộc
L22_V016,33540,Bảo Lộc
L30_V053,543,Bảo Lộc
L30_V053,527,Bảo Lộc
L22_V016,32812,Bảo Lộc
L22_V016,32820,Bảo Lộc
L22_V016,32804,Bảo Lộc
L22_V016,32925,Bảo Lộc
L22_V016,32933,Bảo Lộc
L22_V016,32917,Bảo Lộc
L21_V021,16423,Bảo Lộc
L21_V021,16407,Bảo Lộc
L22_V008,23430,Bảo Lộc
L22_V008,23414,Bảo Lộc
L22_V001,32037,Bảo Lộc
L22_V001,32045,Bảo Lộc
L22_V001,32029,Bảo Lộc
L22_V016,33322,Bảo Lộc
L22_V016,33330,Bảo Lộc
L22_V016,33314,Bảo Lộc
L27_V002,6345,Bảo Lộc
L27_V002,6353,Bảo Lộc
L27_V002,6337,Bảo Lộc
L21_V029,32931,Bảo Lộc
L21_V029,32939,Bảo Lộc
L21_V029,32923,Bảo Lộc
L30_V053,511,Bảo Lộc
L30_V053,519,Bảo Lộc
L30_V053,503,Bảo Lộc
L22_V016,33382,Bảo Lộc
L22_V016,33390,Bảo Lộc
L22_V016,33374,Bảo Lộc
L22_V002,22644,Bảo Lộc
L22_V002,22652,Bảo Lộc
L22_V002,22636,Bảo Lộc
L30_V046,1174,Bảo Lộc
L30_V046,1182,Bảo Lộc
L30_V046,1166,Bảo Lộc
L28_V001,11880,Bảo Lộc
L28_V001,11888,Bảo Lộc
L28_V001,11872,Bảo Lộc
L23_V019,3900,Bảo Lộc
L23_V019,3908,Bảo Lộc
L23_V019,3892,Bảo Lộc
L21_V029,32961,Bảo Lộc
L21_V029,32969,Bảo Lộc
L21_V029,32953,Bảo Lộc
L22_V017,25225,Bảo Lộc
L22_V017,25233,Bảo Lộc
L22_V017,25217,Bảo Lộc
L21_V030,14412,Bảo Lộc
L21_V030,14420,Bảo Lộc
L21_V030,14404,Bảo Lộc
L21_V026,33807,Bảo Lộc
L21_V026,33815,Bảo Lộc
L21_V026,33799,Bảo Lộc
L22_V024,21992,Bảo Lộc
L22_V024,22000,Bảo Lộc
L22_V024,21984,Bảo Lộc
L30_V081,1110,Bảo Lộc
L30_V081,1118,Bảo Lộc
L30_V081,1102,Bảo Lộc
L23_V007,8474,Bảo Lộc
L23_V007,8482,Bảo Lộc
L23_V007,8466,Bảo Lộc
L22_V016,29310,Bảo Lộc
L22_V016,29318,Bảo Lộc
L22_V016,29302,Bảo Lộc
L21_V009,9834,Bảo Lộc
L21_V009,9842,Bảo Lộc
L21_V009,9826,Bảo Lộc
L28_V014,20237,Bảo Lộc
L28_V014,20245,Bảo Lộc
L28_V014,20229,Bảo Lộc
L28_V024,25650,Bảo Lộc
L28_V024,25658,Bảo Lộc
L28_V024,25642,Bảo Lộc
L21_V030,7706,Bảo Lộc
L21_V030,7714,Bảo Lộc
L21_V030,7698,Bảo Lộc
L22_V022,27411,Bảo Lộc
L22_V022,27419,Bảo Lộc
L22_V022,27403,Bảo Lộc
L30_V043,3156,Bảo Lộc
L30_V043,3164,Bảo Lộc
L30_V043,3148,Bảo Lộc
L21_V023,12855,Bảo Lộc
L21_V023,12863,Bảo Lộc
L21_V023,12847,Bảo Lộc
L30_V023,2411,Bảo Lộc
L30_V023,2419,Bảo Lộc
L30_V023,2403,Bảo Lộc
L22_V024,21639,Bảo Lộc
